<prezi xsi:schemaLocation="http://prezi.com/schema/prezi/2 http://prezi.com/schema/prezi/2" xmlns:xsi="http://www.w3.org/2001/XMLSchema-instance" version="2" xmlns="http://prezi.com/schema/prezi/2"><xFields><xField name="preziType"><xEnum type="PreziType" value="converted-from-core"/></xField></xFields><documentStyle><documentStyle><fontClasses><array><fontClass><fontFamily><string value="Cabin"/></fontFamily><name><string value="body"/></name></fontClass><fontClass><fontFamily><string value="Comfortaa"/></fontFamily><name><string value="custom-comfortaa"/></name></fontClass><fontClass><fontFamily><string value="Cabin"/></fontFamily><fontWeight><fontWeight value="bold"/></fontWeight><name><string value="head"/></name></fontClass><fontClass><fontFamily><string value="Cabin"/></fontFamily><fontStyle><fontStyle value="italic"/></fontStyle><fontWeight><fontWeight value="bold"/></fontWeight><name><string value="strong"/></name></fontClass></array></fontClasses><fontFamilies><array><fontFamily><fontFaces><array><fontFace><fontSrc><string value="Cabin-Regular.keg"/></fontSrc></fontFace><fontFace><fontSrc><string value="Cabin-Bold.keg"/></fontSrc><fontWeight><fontWeight value="bold"/></fontWeight></fontFace><fontFace><fontSrc><string value="Cabin-BoldItalic.keg"/></fontSrc><fontStyle><fontStyle value="italic"/></fontStyle><fontWeight><fontWeight value="bold"/></fontWeight></fontFace><fontFace><fontSrc><string value="Cabin-Italic.keg"/></fontSrc><fontStyle><fontStyle value="italic"/></fontStyle></fontFace></array></fontFaces><name><string value="Cabin"/></name></fontFamily><fontFamily><fontFaces><array><fontFace><fontSrc><string value="Comfortaa-Regular.keg"/></fontSrc></fontFace><fontFace><fontSrc><string value="Comfortaa-Bold.keg"/></fontSrc><fontWeight><fontWeight value="bold"/></fontWeight></fontFace></array></fontFaces><name><string value="Comfortaa"/></name></fontFamily></array></fontFamilies><styleDeclarations><array><styleDeclaration><styleBlock><styleBlock><gradEndAlpha><double value="0.7"/></gradEndAlpha><gradStartAlpha><double value="0.5"/></gradStartAlpha></styleBlock></styleBlock><styleSelector><simpleSelector value="zCircle"/></styleSelector></styleDeclaration><styleDeclaration><styleBlock><styleBlock><color><color value="#737373"/></color><fillType><fillType value="linear"/></fillType><gradEndColor><color value="#737373"/></gradEndColor><gradStartColor><color value="#737373"/></gradStartColor></styleBlock></styleBlock><styleSelector><simpleSelector value="*.line1"/></styleSelector></styleDeclaration><styleDeclaration><styleBlock><styleBlock><color><color value="#595959"/></color><fillType><fillType value="linear"/></fillType><gradEndColor><color value="#595959"/></gradEndColor><gradStartColor><color value="#595959"/></gradStartColor></styleBlock></styleBlock><styleSelector><simpleSelector value="*.line2"/></styleSelector></styleDeclaration><styleDeclaration><styleBlock><styleBlock><color><color value="#FC6A4B"/></color><fillType><fillType value="linear"/></fillType><gradEndColor><color value="#FC6A4B"/></gradEndColor><gradStartColor><color value="#FC6A4B"/></gradStartColor></styleBlock></styleBlock><styleSelector><simpleSelector value="*.line3"/></styleSelector></styleDeclaration><styleDeclaration><styleBlock><styleBlock><color><color value="#333333"/></color><fillType><fillType value="linear"/></fillType><gradEndColor><color value="#333333"/></gradEndColor><gradStartColor><color value="#333333"/></gradStartColor></styleBlock></styleBlock><styleSelector><simpleSelector value="*.line4"/></styleSelector></styleDeclaration><styleDeclaration><styleBlock><styleBlock><color><color value="#191919"/></color><fillType><fillType value="linear"/></fillType><gradEndColor><color value="#191919"/></gradEndColor><gradStartColor><color value="#191919"/></gradStartColor></styleBlock></styleBlock><styleSelector><simpleSelector value="*.line5"/></styleSelector></styleDeclaration><styleDeclaration><styleBlock><styleBlock><fillType><fillType value="linear"/></fillType><gradEndColor><color value="#737373"/></gradEndColor><gradStartColor><color value="#737373"/></gradStartColor></styleBlock></styleBlock><styleSelector><simpleSelector value="*.poly1"/></styleSelector></styleDeclaration><styleDeclaration><styleBlock><styleBlock><fillType><fillType value="linear"/></fillType><gradEndColor><color value="#595959"/></gradEndColor><gradStartColor><color value="#595959"/></gradStartColor></styleBlock></styleBlock><styleSelector><simpleSelector value="*.poly2"/></styleSelector></styleDeclaration><styleDeclaration><styleBlock><styleBlock><fillType><fillType value="linear"/></fillType><gradEndColor><color value="#FC6A4B"/></gradEndColor><gradStartColor><color value="#FC6A4B"/></gradStartColor></styleBlock></styleBlock><styleSelector><simpleSelector value="*.poly3"/></styleSelector></styleDeclaration><styleDeclaration><styleBlock><styleBlock><fillType><fillType value="linear"/></fillType><gradEndColor><color value="#333333"/></gradEndColor><gradStartColor><color value="#333333"/></gradStartColor></styleBlock></styleBlock><styleSelector><simpleSelector value="*.poly4"/></styleSelector></styleDeclaration><styleDeclaration><styleBlock><styleBlock><fillType><fillType value="linear"/></fillType><gradEndColor><color value="#191919"/></gradEndColor><gradStartColor><color value="#191919"/></gradStartColor></styleBlock></styleBlock><styleSelector><simpleSelector value="*.poly5"/></styleSelector></styleDeclaration><styleDeclaration><styleBlock><styleBlock><fillType><fillType value="linear"/></fillType><gradEndColor><color value="#FFE9F6"/></gradEndColor><gradStartColor><color value="#FFE9F6"/></gradStartColor></styleBlock></styleBlock><styleSelector><simpleSelector value="background"/></styleSelector></styleDeclaration><styleDeclaration><styleBlock><styleBlock><borderColor><color value="#F6F6F6"/></borderColor><borderThickness><double value="1"/></borderThickness><fillType><fillType value="linear"/></fillType><gradEndColor><color value="#737373"/></gradEndColor><gradStartColor><color value="#737373"/></gradStartColor><thickness><double value="7"/></thickness></styleBlock></styleBlock><styleSelector><simpleSelector value="zArrow"/></styleSelector></styleDeclaration><styleDeclaration><styleBlock><styleBlock><borderAlpha><double value="1"/></borderAlpha><borderColor><color value="#F6F6F6"/></borderColor><borderThickness><double value="1"/></borderThickness><gradEndAlpha><double value="1"/></gradEndAlpha><gradStartAlpha><double value="1"/></gradStartAlpha><radius><double value="0"/></radius><thickness><double value="100"/></thickness></styleBlock></styleBlock><styleSelector><simpleSelector value="zCircle"/></styleSelector></styleDeclaration><styleDeclaration><styleBlock><styleBlock><color><color value="#333333"/></color></styleBlock></styleBlock><styleSelector><simpleSelector value="zPencil"/></styleSelector></styleDeclaration><styleDeclaration><styleBlock><styleBlock><borderColor><color value="#737373"/></borderColor><borderThickness><double value="0"/></borderThickness><fillType><fillType value="linear"/></fillType><gradEndAlpha><double value="0.8"/></gradEndAlpha><gradEndColor><color value="#737373"/></gradEndColor><gradStartAlpha><double value="0.8"/></gradStartAlpha><gradStartColor><color value="#737373"/></gradStartColor><padding><double value="1.03"/></padding><radius><double value="10"/></radius><thickness><double value="8"/></thickness></styleBlock></styleBlock><styleSelector><simpleSelector value="zBracketFrame"/></styleSelector></styleDeclaration><styleDeclaration><styleBlock><styleBlock><borderColor><color value="#999999"/></borderColor><borderThickness><double value="0"/></borderThickness><fillType><fillType value="linear"/></fillType><gradEndAlpha><double value="0.8"/></gradEndAlpha><gradEndColor><color value="#999999"/></gradEndColor><gradStartAlpha><double value="0.8"/></gradStartAlpha><gradStartColor><color value="#999999"/></gradStartColor><padding><double value="1.03"/></padding><thickness><double value="8"/></thickness></styleBlock></styleBlock><styleSelector><simpleSelector value="zCircleFrame"/></styleSelector></styleDeclaration><styleDeclaration><styleBlock><styleBlock><borderAlpha><double value="0.8"/></borderAlpha><borderColor><color value="#737373"/></borderColor><borderThickness><double value="20"/></borderThickness><fillType><fillType value="linear"/></fillType><gradEndAlpha><double value="0.8"/></gradEndAlpha><gradEndColor><color value="#333333"/></gradEndColor><gradStartAlpha><double value="0.8"/></gradStartAlpha><gradStartColor><color value="#333333"/></gradStartColor><padding><double value="1.03"/></padding><radius><double value="3"/></radius></styleBlock></styleBlock><styleSelector><simpleSelector value="zRectangleFrame"/></styleSelector></styleDeclaration><styleDeclaration><styleBlock><styleBlock><padding><double value="1.2"/></padding></styleBlock></styleBlock><styleSelector><simpleSelector value="zText"/></styleSelector></styleDeclaration><styleDeclaration><styleBlock><styleBlock><color><color value="#F6F6F6"/></color><fontClass><string value="body"/></fontClass></styleBlock></styleBlock><styleSelector><simpleSelector value="zText.body"/></styleSelector></styleDeclaration><styleDeclaration><styleBlock><styleBlock><backgroundAlpha><double value="0.9"/></backgroundAlpha><backgroundColor><color value="#404040"/></backgroundColor><backgroundPadding><double value="5"/></backgroundPadding></styleBlock></styleBlock><styleSelector><simpleSelector value="zText.body-background"/></styleSelector></styleDeclaration><styleDeclaration><styleBlock><styleBlock><color><color value="#F6F6F6"/></color><fontClass><string value="head"/></fontClass></styleBlock></styleBlock><styleSelector><simpleSelector value="zText.title"/></styleSelector></styleDeclaration><styleDeclaration><styleBlock><styleBlock><backgroundAlpha><double value="0.9"/></backgroundAlpha><backgroundColor><color value="#404040"/></backgroundColor><backgroundPadding><double value="5"/></backgroundPadding></styleBlock></styleBlock><styleSelector><simpleSelector value="zText.title-background"/></styleSelector></styleDeclaration><styleDeclaration><styleBlock><styleBlock><color><color value="#F6F6F6"/></color><fontClass><string value="strong"/></fontClass></styleBlock></styleBlock><styleSelector><simpleSelector value="zText.subtitle"/></styleSelector></styleDeclaration><styleDeclaration><styleBlock><styleBlock><backgroundAlpha><double value="0.9"/></backgroundAlpha><backgroundColor><color value="#404040"/></backgroundColor><backgroundPadding><double value="5"/></backgroundPadding></styleBlock></styleBlock><styleSelector><simpleSelector value="zText.subtitle-background"/></styleSelector></styleDeclaration><styleDeclaration><styleBlock><styleBlock><borderColor><color value="#F6F6F6"/></borderColor><borderThickness><double value="1"/></borderThickness><color><color value="#333333"/></color></styleBlock></styleBlock><styleSelector><simpleSelector value="zLine"/></styleSelector></styleDeclaration><styleDeclaration><styleBlock><styleBlock><alpha><double value="0.5"/></alpha><color><color value="#318BFF"/></color></styleBlock></styleBlock><styleSelector><simpleSelector value="zMarker"/></styleSelector></styleDeclaration><styleDeclaration><styleBlock><styleBlock><borderAlpha><double value="1"/></borderAlpha><borderColor><color value="#F6F6F6"/></borderColor><borderThickness><double value="1"/></borderThickness><gradEndAlpha><double value="1"/></gradEndAlpha><gradStartAlpha><double value="1"/></gradStartAlpha><radius><double value="30"/></radius></styleBlock></styleBlock><styleSelector><simpleSelector value="zTriangle"/></styleSelector></styleDeclaration><styleDeclaration><styleBlock><styleBlock><borderAlpha><double value="1"/></borderAlpha><borderColor><color value="#F6F6F6"/></borderColor><borderThickness><double value="1"/></borderThickness><gradEndAlpha><double value="1"/></gradEndAlpha><gradStartAlpha><double value="1"/></gradStartAlpha><radius><double value="30"/></radius></styleBlock></styleBlock><styleSelector><simpleSelector value="zSquare"/></styleSelector></styleDeclaration><styleDeclaration><styleBlock><styleBlock><fontClass><string value="custom-comfortaa"/></fontClass></styleBlock></styleBlock><styleSelector><simpleSelector value="#0_12139255"/></styleSelector></styleDeclaration><styleDeclaration><styleBlock><styleBlock><borderColor><color value="#F000B4"/></borderColor><color><color value="#F000B4"/></color><fillType><fillType value="linear"/></fillType><gradEndAlpha><double value="1"/></gradEndAlpha><gradEndColor><color value="#F000B4"/></gradEndColor><gradStartAlpha><double value="1"/></gradStartAlpha><gradStartColor><color value="#F000B4"/></gradStartColor></styleBlock></styleBlock><styleSelector><simpleSelector value="#0_24309637"/></styleSelector></styleDeclaration><styleDeclaration><styleBlock><styleBlock><fontClass><string value="custom-comfortaa"/></fontClass></styleBlock></styleBlock><styleSelector><simpleSelector value="#10_12139255"/></styleSelector></styleDeclaration><styleDeclaration><styleBlock><styleBlock><borderColor><color value="#F000B4"/></borderColor><color><color value="#F000B4"/></color><fillType><fillType value="linear"/></fillType><gradEndAlpha><double value="1"/></gradEndAlpha><gradEndColor><color value="#F000B4"/></gradEndColor><gradStartAlpha><double value="1"/></gradStartAlpha><gradStartColor><color value="#F000B4"/></gradStartColor></styleBlock></styleBlock><styleSelector><simpleSelector value="#11_12139255"/></styleSelector></styleDeclaration><styleDeclaration><styleBlock><styleBlock><fontClass><string value="custom-comfortaa"/></fontClass></styleBlock></styleBlock><styleSelector><simpleSelector value="#12_12139255"/></styleSelector></styleDeclaration><styleDeclaration><styleBlock><styleBlock><borderColor><color value="#F000B4"/></borderColor><color><color value="#F000B4"/></color><fillType><fillType value="linear"/></fillType><gradEndAlpha><double value="1"/></gradEndAlpha><gradEndColor><color value="#F000B4"/></gradEndColor><gradStartAlpha><double value="1"/></gradStartAlpha><gradStartColor><color value="#F000B4"/></gradStartColor></styleBlock></styleBlock><styleSelector><simpleSelector value="#13_12139255"/></styleSelector></styleDeclaration><styleDeclaration><styleBlock><styleBlock><fontClass><string value="custom-comfortaa"/></fontClass></styleBlock></styleBlock><styleSelector><simpleSelector value="#15_12139255"/></styleSelector></styleDeclaration><styleDeclaration><styleBlock><styleBlock><fontClass><string value="custom-comfortaa"/></fontClass></styleBlock></styleBlock><styleSelector><simpleSelector value="#16_12139255"/></styleSelector></styleDeclaration><styleDeclaration><styleBlock><styleBlock><fontClass><string value="custom-comfortaa"/></fontClass></styleBlock></styleBlock><styleSelector><simpleSelector value="#17_12139255"/></styleSelector></styleDeclaration><styleDeclaration><styleBlock><styleBlock><borderColor><color value="#F000B4"/></borderColor><color><color value="#F000B4"/></color><fillType><fillType value="linear"/></fillType><gradEndAlpha><double value="1"/></gradEndAlpha><gradEndColor><color value="#F000B4"/></gradEndColor><gradStartAlpha><double value="1"/></gradStartAlpha><gradStartColor><color value="#F000B4"/></gradStartColor></styleBlock></styleBlock><styleSelector><simpleSelector value="#18_12139255"/></styleSelector></styleDeclaration><styleDeclaration><styleBlock><styleBlock><borderColor><color value="#F000B4"/></borderColor><color><color value="#F000B4"/></color><fillType><fillType value="linear"/></fillType><gradEndAlpha><double value="1"/></gradEndAlpha><gradEndColor><color value="#F000B4"/></gradEndColor><gradStartAlpha><double value="1"/></gradStartAlpha><gradStartColor><color value="#F000B4"/></gradStartColor></styleBlock></styleBlock><styleSelector><simpleSelector value="#1_12139255"/></styleSelector></styleDeclaration><styleDeclaration><styleBlock><styleBlock><borderColor><color value="#F000B4"/></borderColor><color><color value="#F000B4"/></color><fillType><fillType value="linear"/></fillType><gradEndAlpha><double value="1"/></gradEndAlpha><gradEndColor><color value="#F000B4"/></gradEndColor><gradStartAlpha><double value="1"/></gradStartAlpha><gradStartColor><color value="#F000B4"/></gradStartColor></styleBlock></styleBlock><styleSelector><simpleSelector value="#2"/></styleSelector></styleDeclaration><styleDeclaration><styleBlock><styleBlock><borderColor><color value="#F000B4"/></borderColor><color><color value="#F000B4"/></color><fillType><fillType value="linear"/></fillType><gradEndAlpha><double value="1"/></gradEndAlpha><gradEndColor><color value="#F000B4"/></gradEndColor><gradStartAlpha><double value="1"/></gradStartAlpha><gradStartColor><color value="#F000B4"/></gradStartColor></styleBlock></styleBlock><styleSelector><simpleSelector value="#21_12139255"/></styleSelector></styleDeclaration><styleDeclaration><styleBlock><styleBlock><borderColor><color value="#F000B4"/></borderColor><color><color value="#F000B4"/></color><fillType><fillType value="linear"/></fillType><gradEndAlpha><double value="1"/></gradEndAlpha><gradEndColor><color value="#F000B4"/></gradEndColor><gradStartAlpha><double value="1"/></gradStartAlpha><gradStartColor><color value="#F000B4"/></gradStartColor></styleBlock></styleBlock><styleSelector><simpleSelector value="#4_12139255"/></styleSelector></styleDeclaration><styleDeclaration><styleBlock><styleBlock><borderColor><color value="#F000B4"/></borderColor><color><color value="#F000B4"/></color><fillType><fillType value="linear"/></fillType><gradEndAlpha><double value="1"/></gradEndAlpha><gradEndColor><color value="#F000B4"/></gradEndColor><gradStartAlpha><double value="1"/></gradStartAlpha><gradStartColor><color value="#F000B4"/></gradStartColor></styleBlock></styleBlock><styleSelector><simpleSelector value="#7_12139255"/></styleSelector></styleDeclaration></array></styleDeclarations></documentStyle></documentStyle><path><array><flyToObject><target><ref value="0_24309637"/></target></flyToObject><flyToObject><target><ref value="2"/></target></flyToObject><flyToObject><target><ref value="1_12139255"/></target></flyToObject><flyToObject><target><ref value="21_12139255"/></target></flyToObject><flyToObject><target><ref value="4_12139255"/></target></flyToObject><flyToObject><target><ref value="7_12139255"/></target></flyToObject><flyToObject><target><ref value="11_12139255"/></target></flyToObject><flyToObject><target><ref value="13_12139255"/></target></flyToObject><flyToObject><target><ref value="18_12139255"/></target></flyToObject></array></path><zObjects><array><zCircleFrame><height><double value="800"/></height><id><string value="0_24309637"/></id><localToWorld><transform2D x="3290.0830277016485" y="0" scale="15.853282842936988" rotation="0"/></localToWorld><styleClasses><array><token value="circle"/></array></styleClasses><width><double value="800"/></width></zCircleFrame><zText><id><string value="12_4"/></id><localToWorld><transform2D x="3234.5084050190226" y="-3170.9344675456596" scale="65.12529928613053" rotation="0"/></localToWorld><styleClasses><array><token value="subtitle"/></array></styleClasses><text><text><width>220.4993900181616</width><p align="center"><span color="15728820"><![CDATA[Pink Connect ]]></span></p></text></text></zText><zImage><assetSourceFilename><string value="Komen_Logo.jpg"/></assetSourceFilename><height><double value="800"/></height><id><string value="0"/></id><localToWorld><transform2D x="3235.9465215665064" y="1363.180762094239" scale="5.197721196982494" rotation="0"/></localToWorld><onlineAssetId><string value="4642781300"/></onlineAssetId><onlineAssetUrl><string value="http://0103.static.prezi.com.s3.amazonaws.com/media/4/a/b/3a53d9d65e9c05b0ce556ec3227ea0ea475a7.jpg"/></onlineAssetUrl><width><double value="1455"/></width></zImage><zText><id><string value="1"/></id><localToWorld><transform2D x="3235.023044398615" y="-1802.3729490309865" scale="46.518070918664655" rotation="0"/></localToWorld><styleClasses><array><token value="body"/></array></styleClasses><text><text><width>-74.976</width><p><span weight="bold" color="16762854"><![CDATA[Team 3]]></span></p></text></text></zText><zCircleFrame><height><double value="800"/></height><id><string value="2"/></id><localToWorld><transform2D x="-9168.01268462734" y="-1197.7113542116094" scale="3.1163502601566955" rotation="0"/></localToWorld><styleClasses><array><token value="circle"/></array></styleClasses><width><double value="800"/></width></zCircleFrame><zText><id><string value="3"/></id><localToWorld><transform2D x="-9206.403469110264" y="-1979.509160561861" scale="9.415044545242091" rotation="0"/></localToWorld><styleClasses><array><token value="title"/></array></styleClasses><text><text><width>169.08</width><p align="center"><span color="15728820"><![CDATA[Problem Statement]]></span></p></text></text></zText><zText><id><string value="0_12139255"/></id><localToWorld><transform2D x="-9141.33957201035" y="-1180.0413741885106" scale="4.194310430191493" rotation="0"/></localToWorld><styleClasses><array><token value="body"/></array></styleClasses><text><text><width>490.3269616776757</width><p indent="1" listType="bullet"><span color="15728820"><![CDATA[Develop a web application that can forge a community of connections between survivors and the recently diagnosed. ]]></span></p></text></text></zText><zCircleFrame><height><double value="800"/></height><id><string value="1_12139255"/></id><localToWorld><transform2D x="-18340.55" y="-9160.25" scale="12.1315071649163" rotation="0"/></localToWorld><styleClasses><array><token value="circle"/></array></styleClasses><width><double value="800"/></width></zCircleFrame><zText><id><string value="2_12139255"/></id><localToWorld><transform2D x="-18447.15" y="-12260.75" scale="32" rotation="0"/></localToWorld><styleClasses><array><token value="title"/></array></styleClasses><text><text><width>-149.352</width><p><span color="15728820"><![CDATA[Our Approach:]]></span></p></text></text></zText><zText><id><string value="3_12139255"/></id><localToWorld><transform2D x="-18447.850000000002" y="-11038.1" scale="26.446280991735534" rotation="0"/></localToWorld><styleClasses><array><token value="subtitle"/></array></styleClasses><text><text><width>-223.58399999999997</width><p><span color="15728820"><![CDATA[Focus on the essential]]></span></p></text></text></zText><zCircleFrame><height><double value="800"/></height><id><string value="4_12139255"/></id><localToWorld><transform2D x="22381.25" y="-13116.9" scale="40.752821816512984" rotation="1.0568697904843645"/></localToWorld><styleClasses><array><token value="circle"/></array></styleClasses><width><double value="800"/></width></zCircleFrame><zImage><assetSourceFilename><string value="PinkConnectReviewMockup.png"/></assetSourceFilename><height><double value="953"/></height><id><string value="5_12139255"/></id><localToWorld><transform2D x="20498.1" y="-12051.05" scale="25.1559488336213" rotation="1.0568697904843645"/></localToWorld><onlineAssetId><string value="4642818092"/></onlineAssetId><onlineAssetUrl><string value="http://0103.static.prezi.com.s3.amazonaws.com/media/9/3/6/5af62c4002582bbf86bf52d3d7fcf85967506.png"/></onlineAssetUrl><width><double value="497"/></width></zImage><zImage><assetSourceFilename><string value="PinkConnectNotificationMockup.png"/></assetSourceFilename><height><double value="838"/></height><id><string value="6_12139255"/></id><localToWorld><transform2D x="16319.3" y="-38885.9" scale="7.012791150770247" rotation="1.0551142838756429"/></localToWorld><onlineAssetId><string value="4642820588"/></onlineAssetId><onlineAssetUrl><string value="http://0103.static.prezi.com.s3.amazonaws.com/media/0/a/7/5e6f772593223d145a957c73c74a5fbade5e7.png"/></onlineAssetUrl><width><double value="444"/></width></zImage><zImage><assetSourceFilename><string value="PinkConnectMatchingMockUp.png"/></assetSourceFilename><height><double value="838"/></height><id><string value="14_12139255"/></id><localToWorld><transform2D x="-8018" y="-29529.65" scale="3.9848826885519304" rotation="-0.9240570571730444"/></localToWorld><onlineAssetId><string value="4642860439"/></onlineAssetId><onlineAssetUrl><string value="http://0103.static.prezi.com.s3.amazonaws.com/media/b/b/4/a760b9c0b8dd5165b8226c9f32da56bc6f24f.png"/></onlineAssetUrl><width><double value="425"/></width></zImage><zCircleFrame><height><double value="800"/></height><id><string value="7_12139255"/></id><localToWorld><transform2D x="-8518.6" y="-29906.9" scale="5.744088470024749" rotation="-0.9240570571730444"/></localToWorld><styleClasses><array><token value="circle"/></array></styleClasses><width><double value="800"/></width></zCircleFrame><zImage><assetSourceFilename><string value="PinkConnectMessagingMockUp.png"/></assetSourceFilename><height><double value="852"/></height><id><string value="9_12139255"/></id><localToWorld><transform2D x="-11482.6" y="-27652.4" scale="0.9277270231166097" rotation="-0.9240570571730443"/></localToWorld><onlineAssetId><string value="4642826790"/></onlineAssetId><onlineAssetUrl><string value="http://0103.static.prezi.com.s3.amazonaws.com/media/3/9/0/41ed3342493a6ddb577b6b8d6728c95dd2c43.png"/></onlineAssetUrl><width><double value="458"/></width></zImage><zText><id><string value="10_12139255"/></id><localToWorld><transform2D x="-18483.814462809914" y="-8733.5173553719" scale="26.446280991735534" rotation="0"/></localToWorld><styleClasses><array><token value="title"/></array></styleClasses><text><text><width>-292.875</width><p indent="1" listType="bullet"><span color="15728820"><![CDATA[User Profile Creation]]></span></p><p indent="1" listType="bullet"><span color="15728820"><![CDATA[Real time Messaging]]></span></p><p indent="1" listType="bullet"><span color="15728820"><![CDATA[Geo - tracking of user]]></span></p></text></text></zText><zCircleFrame><height><double value="800"/></height><id><string value="11_12139255"/></id><localToWorld><transform2D x="16952.4" y="-39272.5" scale="9.276332921769807" rotation="1.0568697904843645"/></localToWorld><styleClasses><array><token value="circle"/></array></styleClasses><width><double value="800"/></width></zCircleFrame><zText><id><string value="12_12139255"/></id><localToWorld><transform2D x="32947.76130005149" y="-19081.572118747998" scale="65.12529928613053" rotation="1.0568697904843645"/></localToWorld><styleClasses><array><token value="title"/></array></styleClasses><text><text><width>310.3125</width><p align="center"><span color="15728820"><![CDATA[ Review of hospitals]]></span></p></text></text></zText><zCircleFrame><height><double value="800"/></height><id><string value="13_12139255"/></id><localToWorld><transform2D x="-11608.8" y="-27745.3" scale="1.3074941710774566" rotation="-0.9240570571730444"/></localToWorld><styleClasses><array><token value="circle"/></array></styleClasses><width><double value="800"/></width></zCircleFrame><zText><id><string value="15_12139255"/></id><localToWorld><transform2D x="-9689.592484779148" y="-30844.923573978547" scale="10.92821528584113" rotation="-0.9240570571730443"/></localToWorld><styleClasses><array><token value="title"/></array></styleClasses><text><text><width>-153.046875</width><p align="center"><span color="15728820"><![CDATA[Finding ]]></span></p><p align="center"><span color="15728820"><![CDATA[local support]]></span></p></text></text></zText><zText><id><string value="16_12139255"/></id><localToWorld><transform2D x="19195.5" y="-40465.15" scale="20.363636363636363" rotation="1.0568697904843645"/></localToWorld><styleClasses><array><token value="title"/></array></styleClasses><text><text><width>264.2111056919013</width><p align="center"><span color="15728820"><![CDATA[Push Notifications]]></span></p></text></text></zText><zText><id><string value="17_12139255"/></id><localToWorld><transform2D x="-11926.255705386224" y="-27984.90029189628" scale="4.311999999999999" rotation="-0.9240570571730443"/></localToWorld><styleClasses><array><token value="title"/></array></styleClasses><text><text><width>-125.15625</width><p align="center"><span color="15728820"><![CDATA[ ]]></span></p><p align="center"><span color="15728820"><![CDATA[Messaging]]></span></p></text></text></zText><zCircleFrame><height><double value="800"/></height><id><string value="18_12139255"/></id><localToWorld><transform2D x="-12312.2" y="-27253.25" scale="0.29761745772591836" rotation="-0.9240570571730444"/></localToWorld><styleClasses><array><token value="circle"/></array></styleClasses><width><double value="800"/></width></zCircleFrame><zText><id><string value="19_12139255"/></id><localToWorld><transform2D x="-12367.174426444313" y="-27286.86482480408" scale="0.9743585500000007" rotation="-0.9240570571730444"/></localToWorld><styleClasses><array><token value="title"/></array></styleClasses><text><text><width>-63.768</width><p><span color="15728820"><![CDATA[Demo]]></span></p></text></text></zText><zText><id><string value="20_12139255"/></id><localToWorld><transform2D x="-12317.056609930372" y="-27252.431444989626" scale="0.5" rotation="-0.9240570571730444"/></localToWorld><styleClasses><array><token value="title"/></array></styleClasses><text><text><width>-155.568</width><p><span color="15728820"><![CDATA[Final Remarks  ]]></span></p></text></text></zText><zText><id><string value="8_12139255"/></id><localToWorld><transform2D x="-12276.023099675876" y="-27218.033214930336" scale="0.5" rotation="-0.9240570571730444"/></localToWorld><styleClasses><array><token value="title"/></array></styleClasses><text><text><width>-151.84799999999998</width><p align="center"><span color="15728820"><![CDATA[Sources:]]></span></p><p align="center"><span color="15728820"><![CDATA[mockflow.com]]></span></p><p align="center"><span color="15728820"><![CDATA[komen.org]]></span></p></text></text></zText><zCircleFrame><height><double value="800"/></height><id><string value="21_12139255"/></id><localToWorld><transform2D x="-27247.95" y="-17306.4" scale="5.152715207814024" rotation="0.3046222271286954"/></localToWorld><styleClasses><array><token value="circle"/></array></styleClasses><width><double value="800"/></width></zCircleFrame><zText><id><string value="22_12139255"/></id><localToWorld><transform2D x="-27363.468957624256" y="-17456.829546458703" scale="16" rotation="0.3046222271286955"/></localToWorld><styleClasses><array><token value="title"/></array></styleClasses><text><text><width>157.32</width><p align="center"><span color="15728820"><![CDATA[Android Mockups]]></span></p></text></text></zText></array></zObjects></prezi>